{
  "correct": 87.55235912431834,
  "incorrect": 12.447640875681657
}