{
  "correct": 93.3691614636845,
  "incorrect": 6.630838536315499
}